Workbook
Name 제품목록: 'RD.참조DATA'!$A:$F

Sheet I.납품일정
B1: I. 인터로조 PO / 납품 스케줄 | E1: Ver. 2605271900
B2: 기간 : 5월1일~5월30일
B4: 발주일자 | C4: 규 격 | D4: dl | E4: 작지No. | F4: PO량 | G4: 요청 납기 | H4: 조정 납기 | I4: 확정 납기 | J4: 납기확정사항 (생산기획팀) | K4: 완료구분 | L4: 세부사항 | M4: L관재고 | N4: PO잔량 | O4: 합계 | P4: 46146 | Q4: 46149 | R4: 46150 | S4: 46153 | T4: 46154 | U4: 46155 | V4: 46157 | W4: 46160 | X4: 46161 | Y4: 46162 | Z4: 46163 | AA4: 46164 | AB4: 46168 | AC4: 46169 | AD4: 46170 | AE4: 46171 | AJ4: 비 고
B5: 46142 | C5: BS0073 | D5: =IFERROR(VLOOKUP(C5,제품목록,3,FALSE),"") -> 알루미늄리드지 (일본 PIA 1day 55%)_유광 코팅 | F5: 838000 | G5: 46141 | K5: 완료 | N5: =F5-O5 -> 22000 | O5: =SUM(P5:AI5) -> 816000 | P5: 816000 | W5: 0 | Z5: 0 | AJ5: =SUM(X5:AI5) -> 0
B6: 46128 | C6: BS0073 | D6: =IFERROR(VLOOKUP(C6,제품목록,3,FALSE),"") -> 알루미늄리드지 (일본 PIA 1day 55%)_유광 코팅 | F6: 5000000 | G6: 5/11 | K6: 완료 | N6: =F6-O6 -> -147000 | O6: =SUM(P6:AI6) -> 5147000 | P6: 400000 | Q6: 385000 | R6: 756000 | S6: 917000 | T6: 749000 | U6: 717000 | W6: 700000 | X6: 523000
B7: 46164 | C7: BS0073 | D7: =IFERROR(VLOOKUP(C7,제품목록,3,FALSE),"") -> 알루미늄리드지 (일본 PIA 1day 55%)_유광 코팅 | F7: 2000000 | G7: 5/29 | K7: 완료 | N7: =F7-O7 -> 28000 | O7: =SUM(P7:AI7) -> 1972000 | Z7: 492000 | AA7: 953000 | AB7: 527000
B8: 46105 | C8: BS0176 | D8: =IFERROR(VLOOKUP(C8,제품목록,3,FALSE),"") -> 알루미늄리드지 (일본 sincere ITFA 1D 38% UV)_유광 코팅 | F8: 200000 | G8: 46113 | H8: 46114 | K8: 완료 | M8: =IFERROR(_xlfn.XLOOKUP(C8,[1]III.재고현황!O:O,[1]III.재고현황!R:R),) -> 240000 | N8: =F8-O8 -> -40000 | O8: =SUM(P8:AI8) -> 240000 | P8: 240000 | AJ8: =SUM(X8:AI8) -> 0
B9: 46105 | C9: BS0057 | D9: =IFERROR(VLOOKUP(C9,제품목록,3,FALSE),"") -> 알루미늄리드지 (Iris-알리샤브라운)_무광 코팅 | F9: 300000 | G9: 46118 | H9: 46121 | K9: 완료 | M9: =IFERROR(_xlfn.XLOOKUP(C9,[1]III.재고현황!O:O,[1]III.재고현황!R:R),) -> 539000 | N9: =F9-O9 -> -45000 | O9: =SUM(P9:AI9) -> 345000 | Q9: 345000 | AJ9: =SUM(X9:AI9) -> 0
B10: 46105 | C10: BS0265 | D10: =IFERROR(VLOOKUP(C10,제품목록,3,FALSE),"") -> 알루미늄리드지 (태국 MG Medical Group_HYA 중사각 인쇄 리드지)_무광코팅 | F10: 150000 | G10: 46118 | H10: 46121 | K10: 완료 | M10: =IFERROR(_xlfn.XLOOKUP(C10,[1]III.재고현황!O:O,[1]III.재고현황!R:R),) -> 201600 | N10: =F10-O10 -> 150000 | O10: =SUM(P10:AI10) -> 0 | AJ10: =SUM(X10:AI10) -> 0
B11: 46105 | C11: BS0270 | D11: =IFERROR(VLOOKUP(C11,제품목록,3,FALSE),"") -> 알루미늄리드지 (태국 MG M_GLAM No.1 Hazel 중사각 인쇄 리드지) | F11: 250000 | G11: 46118 | H11: 46121 | K11: 완료 | M11: =IFERROR(_xlfn.XLOOKUP(C11,[1]III.재고현황!O:O,[1]III.재고현황!R:R),) -> 163200 | N11: =F11-O11 -> 250000 | O11: =SUM(P11:AI11) -> 0 | AJ11: =SUM(X11:AI11) -> 0
B12: 46105 | C12: BS0149 | D12: =IFERROR(VLOOKUP(C12,제품목록,3,FALSE),"") -> 알루미늄리드지 (Clalen O2O2 Color 1Day)_무광 코팅 | F12: 1000000 | G12: 46118 | H12: 46118 | K12: 완료 | M12: =IFERROR(_xlfn.XLOOKUP(C12,[1]III.재고현황!O:O,[1]III.재고현황!R:R),) -> 2473000 | N12: =F12-O12 -> -44000 | O12: =SUM(P12:AI12) -> 1044000 | Q12: 1044000 | AJ12: =SUM(X12:AI12) -> 0
B13: 46105 | C13: BS0341 | D13: =IFERROR(VLOOKUP(C13,제품목록,3,FALSE),"") -> 알루미늄리드지 (PIA_1M 38% Melady 리드지) | F13: 200000 | G13: 46120 | H13: 46118 | K13: 완료 | M13: =IFERROR(_xlfn.XLOOKUP(C13,[1]III.재고현황!O:O,[1]III.재고현황!R:R),) -> 192000 | N13: =F13-O13 -> -41000 | O13: =SUM(P13:AI13) -> 241000 | R13: 241000 | AJ13: =SUM(X13:AI13) -> 0
B14: 46105 | C14: BS0318 | D14: =IFERROR(VLOOKUP(C14,제품목록,3,FALSE),"") -> 알루미늄리드지 (PIA_1M 38% feliamo 리드지) | F14: 200000 | G14: 46120 | H14: 46118 | K14: 완료 | M14: =IFERROR(_xlfn.XLOOKUP(C14,[1]III.재고현황!O:O,[1]III.재고현황!R:R),) -> 240000 | N14: =F14-O14 -> -40000 | O14: =SUM(P14:AI14) -> 240000 | S14: 240000 | AJ14: =SUM(X14:AI14) -> 0
B15: 46105 | C15: BS0317 | D15: =IFERROR(VLOOKUP(C15,제품목록,3,FALSE),"") -> 알루미늄리드지 (PIA_1M 38% MOLAK 리드지) | F15: 200000 | G15: 46120 | H15: 46119 | K15: 완료 | M15: =IFERROR(_xlfn.XLOOKUP(C15,[1]III.재고현황!O:O,[1]III.재고현황!R:R),) -> 202000 | N15: =F15-O15 -> -50000 | O15: =SUM(P15:AI15) -> 250000 | S15: 250000 | AJ15: =SUM(X15:AI15) -> 0
B16: 46105 | C16: BS0337 | D16: =IFERROR(VLOOKUP(C16,제품목록,3,FALSE),"") -> 알루미늄리드지 (PIA_1M 38% TOPARDS 리드지) | F16: 200000 | G16: 46120 | H16: 46120 | K16: 완료 | M16: =IFERROR(_xlfn.XLOOKUP(C16,[1]III.재고현황!O:O,[1]III.재고현황!R:R),) -> 192000 | N16: =F16-O16 -> -40000 | O16: =SUM(P16:AI16) -> 240000 | S16: 240000 | AJ16: =SUM(X16:AI16) -> 0
B17: 46111 | C17: BS0333 | D17: =IFERROR(VLOOKUP(C17,제품목록,3,FALSE),"") -> 알루미늄리드지 (Monthly_무지) (80mm) | F17: 1000000 | G17: 46128 | H17: 46122 | K17: 완료 | M17: =IFERROR(_xlfn.XLOOKUP(C17,[1]III.재고현황!O:O,[1]III.재고현황!R:R),) -> 846609 | N17: =F17-O17 -> 1000000 | O17: =SUM(P17:AI17) -> 0 | AJ17: =SUM(X17:AI17) -> 0
B18: 46111 | C18: BS0057 | D18: =IFERROR(VLOOKUP(C18,제품목록,3,FALSE),"") -> 알루미늄리드지 (Iris-알리샤브라운)_무광 코팅 | F18: 200000 | G18: 46118 | H18: 46120 | K18: 완료 | M18: =IFERROR(_xlfn.XLOOKUP(C18,[1]III.재고현황!O:O,[1]III.재고현황!R:R),) -> 539000 | N18: =F18-O18 -> -42000 | O18: =SUM(P18:AI18) -> 242000 | Q18: 242000 | AJ18: =SUM(X18:AI18) -> 0
B19: 46111 | C19: BS0115 | D19: =IFERROR(VLOOKUP(C19,제품목록,3,FALSE),"") -> 알루미늄리드지 (무지-백색_PET12/AL30/CPP100_White 리버스인쇄) | F19: 2000000 | G19: 46120 | K19: 완료 | M19: =IFERROR(_xlfn.XLOOKUP(C19,[1]III.재고현황!O:O,[1]III.재고현황!R:R),) -> 835000 | N19: =F19-O19 -> 1300000 | O19: =SUM(P19:AI19) -> 700000 | Y19: 700000 | AF19: 0 | AJ19: =SUM(X19:AI19) -> 700000
B20: 46111 | C20: BS0053 | D20: =IFERROR(VLOOKUP(C20,제품목록,3,FALSE),"") -> 알루미늄리드지 (국내/중국 1-Day Soft)_무광 코팅 | F20: 1500000 | G20: 46120 | H20: 46122 | K20: 완료 | M20: =IFERROR(_xlfn.XLOOKUP(C20,[1]III.재고현황!O:O,[1]III.재고현황!R:R),) -> 3829000 | N20: =F20-O20 -> -47000 | O20: =SUM(P20:AI20) -> 1547000 | T20: 1547000 | AJ20: =SUM(X20:AI20) -> 0
B21: 46111 | C21: BS0343 | D21: =IFERROR(VLOOKUP(C21,제품목록,3,FALSE),"") -> 알루미늄리드지 (렌즈미 CleanFit O2 clear 1Day (30개입)) | F21: 1000000 | G21: 46122 | H21: 4/23 | K21: 완료 | M21: =IFERROR(_xlfn.XLOOKUP(C21,[1]III.재고현황!O:O,[1]III.재고현황!R:R),) -> 0 | N21: =F21-O21 -> 42000 | O21: =SUM(P21:AI21) -> 958000 | AD21: 481000 | AE21: 477000 | AJ21: =SUM(X21:AI21) -> 958000
B22: 46111 | C22: BS0149 | D22: =IFERROR(VLOOKUP(C22,제품목록,3,FALSE),"") -> 알루미늄리드지 (Clalen O2O2 Color 1Day)_무광 코팅 | F22: 1000000 | G22: 46125 | K22: 완료 | M22: =IFERROR(_xlfn.XLOOKUP(C22,[1]III.재고현황!O:O,[1]III.재고현황!R:R),) -> 2473000 | N22: =F22-O22 -> 1000000 | O22: =SUM(P22:AI22) -> 0 | V22: 0 | AJ22: =SUM(X22:AI22) -> 0
B23: 46111 | C23: BS0086 | D23: =IFERROR(VLOOKUP(C23,제품목록,3,FALSE),"") -> 알루미늄리드지 (Iris_수지브라운)_무광 코팅 | F23: 1000000 | G23: 46126 | H23: 4/27 | K23: 완료 | M23: =IFERROR(_xlfn.XLOOKUP(C23,[1]III.재고현황!O:O,[1]III.재고현황!R:R),) -> 0 | N23: =F23-O23 -> -15000 | O23: =SUM(P23:AI23) -> 1015000 | W23: 0 | AF23: 487000 | AG23: 528000 | AJ23: =SUM(X23:AI23) -> 1015000
B24: 46114 | C24: BS0316 | D24: =IFERROR(VLOOKUP(C24,제품목록,3,FALSE),"") -> 알루미늄리드지 (PIA_1M 38% LILMOON 리드지) | F24: 200000 | G24: 46120 | H24: 46119 | K24: 완료 | M24: =IFERROR(_xlfn.XLOOKUP(C24,[1]III.재고현황!O:O,[1]III.재고현황!R:R),) -> 192000 | N24: =F24-O24 -> -40000 | O24: =SUM(P24:AI24) -> 240000 | T24: 240000 | AJ24: =SUM(X24:AI24) -> 0
B25: 46114 | C25: BS0053 | D25: =IFERROR(VLOOKUP(C25,제품목록,3,FALSE),"") -> 알루미늄리드지 (국내/중국 1-Day Soft)_무광 코팅 | F25: 1500000 | G25: 46125 | H25: 4/14 | K25: 완료 | M25: =IFERROR(_xlfn.XLOOKUP(C25,[1]III.재고현황!O:O,[1]III.재고현황!R:R),) -> 3829000 | N25: =F25-O25 -> 438000 | O25: =SUM(P25:AI25) -> 1062000 | W25: 1062000 | X25: 0 | AJ25: =SUM(X25:AI25) -> 0
B26: 46120 | C26: BS0095 | D26: =IFERROR(VLOOKUP(C26,제품목록,3,FALSE),"") -> 알루미늄리드지 (러시아 Optic Center 1-Day GO 리드지) | E26: HW0315 (5/2 출고) | F26: 1000000 | G26: 46127 | H26: 4/29 | K26: 완료 | M26: =IFERROR(_xlfn.XLOOKUP(C26,[1]III.재고현황!O:O,[1]III.재고현황!R:R),) -> 528000 | N26: =F26-O26 -> -23000 | O26: =SUM(P26:AI26) -> 1023000 | X26: 0 | AH26: 483000 | AI26: 540000 | AJ26: =SUM(X26:AI26) -> 1023000
B27: 46120 | C27: BS0336 | D27: =IFERROR(VLOOKUP(C27,제품목록,3,FALSE),"") -> 알루미늄리드지 (폴란드 FML Oviso Hioxi D 리드지) | E27: X2366 (4/25 출고) | F27: 500000 | G27: 46127 | H27: 4/15 | K27: 완료 | M27: =IFERROR(_xlfn.XLOOKUP(C27,[1]III.재고현황!O:O,[1]III.재고현황!R:R),) -> 0 | N27: =F27-O27 -> -34000 | O27: =SUM(P27:AI27) -> 534000 | X27: 196000 | Y27: 338000 | AJ27: =SUM(X27:AI27) -> 534000
B28: 46120 | C28: BS0344 | D28: =IFERROR(VLOOKUP(C28,제품목록,3,FALSE),"") -> 알루미늄리드지 (이탈리아 Esoform Bioxi D_Visiosan)_유광코팅 | E28: X2376~78 | F28: 1500000 | G28: 46127 | H28: 5/18 | I28: 5/20 | K28: 완료 | M28: =IFERROR(_xlfn.XLOOKUP(C28,[1]III.재고현황!O:O,[1]III.재고현황!R:R),) -> 0 | N28: =F28-O28 -> -72000 | O28: =SUM(P28:AI28) -> 1572000 | X28: 744000 | Y28: 828000 | AJ28: =SUM(X28:AI28) -> 1572000
B29: 46120 | C29: BS0007 | D29: =IFERROR(VLOOKUP(C29,제품목록,3,FALSE),"") -> 알루미늄리드지 (원데이-데일리)_유광 코팅 | E29: HW0312 (5/2 출고) | F29: 1000000 | G29: 46129 | H29: 4/16 | K29: 완료 | M29: =IFERROR(_xlfn.XLOOKUP(C29,[1]III.재고현황!O:O,[1]III.재고현황!R:R),) -> 0 | N29: =F29-O29 -> -43000 | O29: =SUM(P29:AI29) -> 1043000 | Y29: 497000 | Z29: 546000 | AJ29: =SUM(X29:AI29) -> 1043000
B30: 46120 | C30: BS0103 | D30: =IFERROR(VLOOKUP(C30,제품목록,3,FALSE),"") -> 알루미늄리드지 (이태리 soleko US 58% 1day)_유광 코팅 | E30: V3066~V3070 (5/15 출고) | F30: 500000 | G30: 46129 | K30: 완료 | M30: =IFERROR(_xlfn.XLOOKUP(C30,[1]III.재고현황!O:O,[1]III.재고현황!R:R),) -> 0 | N30: =F30-O30 -> -377000 | O30: =SUM(P30:AI30) -> 877000 | Z30: 877000 | AJ30: =SUM(X30:AI30) -> 877000
B31: 46127 | C31: BS0103 | D31: =IFERROR(VLOOKUP(C31,제품목록,3,FALSE),"") -> 알루미늄리드지 (이태리 soleko US 58% 1day)_유광 코팅 | E31: V3066~V3070 (5/15 출고) | F31: 300000 | G31: 46132 | K31: 완료 | M31: =IFERROR(_xlfn.XLOOKUP(C31,[1]III.재고현황!O:O,[1]III.재고현황!R:R),) -> 0 | N31: =F31-O31 -> 300000 | O31: =SUM(P31:AI31) -> 0 | AJ31: =SUM(X31:AI31) -> 0
B32: 46120 | C32: BS0261 | D32: =IFERROR(VLOOKUP(C32,제품목록,3,FALSE),"") -> 알루미늄리드지 (PIA_1D 55% Resay 리드지) | F32: 1500000 | G32: 46132 | H32: 5/7~ | K32: 완료 | M32: =IFERROR(_xlfn.XLOOKUP(C32,[1]III.재고현황!O:O,[1]III.재고현황!R:R),) -> 459000 | N32: =F32-O32 -> 189000 | O32: =SUM(P32:AI32) -> 1311000 | Q32: 555000 | R32: 756000 | AJ32: =SUM(X32:AI32) -> 0
B33: 46120 | C33: BS0036 | D33: =IFERROR(VLOOKUP(C33,제품목록,3,FALSE),"") -> 알루미늄리드지 (PIA 1Day)_유광 코팅 | F33: 2000000 | G33: 46132 | K33: 완료 | M33: =IFERROR(_xlfn.XLOOKUP(C33,[1]III.재고현황!O:O,[1]III.재고현황!R:R),) -> 1115000 | N33: =F33-O33 -> -150000 | O33: =SUM(P33:AI33) -> 2150000 | Y33: 2150000 | AJ33: =SUM(X33:AI33) -> 2150000
B34: 46127 | C34: BS0243 | D34: =IFERROR(VLOOKUP(C34,제품목록,3,FALSE),"") -> 알루미늄리드지 (영국 FGC SiHy 1Day 리드지) | E34: X2395 (5/11 출고) | F34: 300000 | G34: 46139 | H34: 4/27 | K34: 완료 | N34: =F34-O34 -> -36000 | O34: =SUM(P34:AI34) -> 336000 | AF34: 336000 | AJ34: =SUM(X34:AI34) -> 336000
B35: 46127 | C35: BS0284 | D35: =IFERROR(VLOOKUP(C35,제품목록,3,FALSE),"") -> 알루미늄리드지 (중국 Lensmart_Clalen_55% Metha 1Day_30P) | E35: 5/25 출고 | F35: 400000 | G35: 46142 | H35: 5/11 | K35: 완료 | N35: =F35-O35 -> -48000 | O35: =SUM(P35:AI35) -> 448000 | S35: 448000 | AJ35: =SUM(X35:AI35) -> 0
B36: 46127 | C36: BS0031 | D36: =IFERROR(VLOOKUP(C36,제품목록,3,FALSE),"") -> 알루미늄리드지 (원데이-MPG&E)_유광 코팅 | E36: 5/18 출고 | F36: 300000 | G36: 46143 | H36: 5/14 | K36: 완료 | N36: =F36-O36 -> -49000 | O36: =SUM(P36:AI36) -> 349000 | T36: 349000 | AJ36: =SUM(X36:AI36) -> 0
B37: 46127 | C37: BS0263 | D37: =IFERROR(VLOOKUP(C37,제품목록,3,FALSE),"") -> 알루미늄리드지 (영국 FGC SiHy 1Day MF 리드지) | E37: X2396 (5/11 출고) | F37: 300000 | G37: 46139 | H37: 4/23 | K37: 완료 | N37: =F37-O37 -> -31000 | O37: =SUM(P37:AI37) -> 331000 | AE37: 331000 | AJ37: =SUM(X37:AI37) -> 331000
B38: 46128 | C38: BS0334 | D38: 알루미늄리드지 (Clalen O2O2 Color 1Month Micelia)_무광 | E38: 202604010001(국내) | F38: 150000 | G38: 46135 | H38: 4/23 | K38: 완료 | N38: =F38-O38 -> -58000 | O38: =SUM(P38:AI38) -> 208000 | AB38: 208000 | AJ38: =SUM(X38:AI38) -> 208000
B39: 46132 | C39: BS0059 | D39: 알루미늄리드지 (Bella 1Day Color)_유광 코팅 | F39: 500000 | G39: 46139 | H39: 4/28 | K39: 완료 | N39: =F39-O39 -> -27000 | O39: =SUM(P39:AI39) -> 527000 | AG39: 527000 | AJ39: =SUM(X39:AI39) -> 527000
B40: 46132 | C40: BS0227 | D40: =IFERROR(VLOOKUP(C40,제품목록,3,FALSE),"") -> 알루미늄리드지(윙크컴퍼니 Winc Clear Air Plus 1Day)_유광 코팅 | F40: 300000 | G40: 46142 | H40: 5/8 | K40: 완료 | N40: =F40-O40 -> -57000 | O40: =SUM(P40:AI40) -> 357000 | R40: 357000 | AJ40: =SUM(X40:AI40) -> 0
B41: 46132 | C41: BS0154 | D41: =IFERROR(VLOOKUP(C41,제품목록,3,FALSE),"") -> 알루미늄리드지 (공용 Alcon Freshlook)_유광 코팅 | F41: 300000 | G41: 46146 | H41: 5/13 | K41: 완료 | N41: =F41-O41 -> -46000 | O41: =SUM(P41:AI41) -> 346000 | U41: 346000 | AJ41: =SUM(X41:AI41) -> 0
B42: 46139 | C42: BS0333 | D42: =IFERROR(VLOOKUP(C42,제품목록,3,FALSE),"") -> 알루미늄리드지 (Monthly_무지) (80mm) | F42: 1000000 | G42: 4/29 | K42: 완료 | N42: =F42-O42 -> -28644 | O42: =SUM(P42:AI42) -> 1028644 | AG42: 1028644 | AJ42: =SUM(X42:AI42) -> 1028644
B43: 46139 | C43: BS0334 | D43: 알루미늄리드지 (Clalen O2O2 Color 1Month Micelia)_무광 | F43: 200000 | G43: 4/30 | H43: 5/22 | K43: 완료 | N43: =F43-O43 -> -12000 | O43: =SUM(P43:AI43) -> 212000 | X43: 212000
B44: 46139 | C44: BS0286 | D44: 하파크리스틴 1Day Color 14.5_유광 | F44: 200000 | G44: 4/30 | H44: 5/7 | K44: 완료 | N44: =F44-O44 -> -40000 | O44: =SUM(P44:AI44) -> 240000 | P44: 240000
B45: 46139 | C45: BS0317 | D45: PIA 1M 38% MOLAK_유광 | F45: 200000 | G45: 5/8 | H45: 5/8 | K45: 완료 | N45: =F45-O45 -> -40000 | O45: =SUM(P45:AI45) -> 240000 | R45: 240000
B46: 46141 | C46: BS0110 | D46: 캐나다 PIA 1Day 55% Color_유광 | F46: 300000 | H46: 5/4 | K46: 완료 | N46: =F46-O46 -> -36000 | O46: =SUM(P46:AI46) -> 336000 | P46: 336000
B47: 46141 | C47: BS0072 | D47: 캐나다 PIA 1Day_유광 | F47: 200000 | H47: 5/12 | K47: 완료 | N47: =F47-O47 -> -41000 | O47: =SUM(P47:AI47) -> 241000 | T47: 241000
B48: 46142 | C48: BS0333 | D48: Monthly_무지 80mm | F48: 2000000 | G48: 5/29 | H48: 5/11 | K48: 완료 | N48: =F48-O48 -> 592772 | O48: =SUM(P48:AI48) -> 1407228 | S48: 1407228
B49: 46142 | C49: BS0187 | D49: 중국 법인 JEWEL MOON 1D Color_유광 | F49: 500000 | G49: 5/7 | H49: 5/22 | I49: 5/22 | K49: 완료 | N49: =F49-O49 -> -28000 | O49: =SUM(P49:AI49) -> 528000 | AA49: 528000
B50: 46142 | C50: BS0155 | D50: 공용 Alcon Freshlook CC Lens_유광 | F50: 300000 | G50: 5/8 | H50: 5/22 | I50: 5/26 | K50: 완료 | N50: =F50-O50 -> -36000 | O50: =SUM(P50:AI50) -> 336000 | AB50: 336000
B51: 46142 | C51: BS0279 | D51: 일본 HAPA(PIA) 1D 55% Suger High Kristin_유광 | F51: 300000 | G51: 5/11 | H51: 5/27 | I51: 5/27 | K51: 완료 | N51: =F51-O51 -> -36000 | O51: =SUM(P51:AI51) -> 336000 | AA51: 336000
B52: 46142 | C52: BS0129 | D52: 중국향 Clalen RINA 1-Day_유광 | F52: 200000 | G52: 5/11 | H52: 5/22 | I52: 5/22 | K52: 완료 | N52: =F52-O52 -> -40000 | O52: =SUM(P52:AI52) -> 240000 | AA52: 240000
B53: 46142 | C53: BS0050 | D53: Iris 수지 그레이_무광 | F53: 500000 | G53: 5/13 | H53: 5/13 | K53: 완료 | N53: =F53-O53 -> -60000 | O53: =SUM(P53:AI53) -> 560000 | U53: 560000
B54: 46142 | C54: BS0318 | D54: PIA 1M 38% feliamo_유광 | F54: 200000 | G54: 5/15 | H54: 5/18 | K54: 완료 | N54: =F54-O54 -> -38000 | O54: =SUM(P54:AI54) -> 238000 | W54: 238000
B55: 46142 | C55: BS0126 | D55: 일본 From eyes Eyecloset UV_무광 | F55: 200000 | G55: 5/18 | H55: 5/19 | K55: 완료 | N55: =F55-O55 -> -78000 | O55: =SUM(P55:AI55) -> 278000 | V55: 278000
B56: 46150 | C56: BS0115 | D56: 무지-백색 PET12/AL50/CPP100 WHITE | F56: 2000000 | G56: 5/11 | K56: 완료 | N56: =F56-O56 -> 0 | O56: =SUM(P56:AI56) -> 2000000 | S56: 2000000
B57: 5/14 | C57: BS0115 | D57: 무지-백색 PET12/AL50/CPP100 WHITE | F57: 2000000 | G57: 5/27 | H57: 5/22 | I57: 5/22 | K57: 완료 | N57: =F57-O57 -> -35000 | O57: =SUM(P57:AI57) -> 2035000 | AA57: 2035000
B58: 46150 | C58: BS0098 | D58: 러시아 Optic Center ADRIA ZERO_유광 | F58: 200000 | G58: 5/18 | H58: 5/29 | I58: 5/29 | J58: 0.19230769 | K58: 완료 | N58: =F58-O58 -> -51000 | O58: =SUM(P58:AI58) -> 251000 | AB58: 251000
B59: 46150 | C59: BS0349 | D59: 체코 Alensa SiHy M Topvue Air SMHL_ | F59: 200000 | G59: 5/13 | H59: 5/20 | K59: 완료 | N59: =F59-O59 -> -60000 | O59: =SUM(P59:AI59) -> 260000 | V59: 260000
B60: 46150 | C60: BS0350 | D60: 체코 Alensa SiHy M Topvue Premium SMHL_ | F60: 200000 | G60: 5/13 | H60: 5/20 | K60: 완료 | N60: =F60-O60 -> -40000 | O60: =SUM(P60:AI60) -> 240000 | W60: 240000
B61: 46150 | C61: BS0351 | D61: 체코 Alensa SiHy M White SMHL_ | F61: 200000 | G61: 5/13 | H61: 5/20 | K61: 완료 | N61: =F61-O61 -> -40000 | O61: =SUM(P61:AI61) -> 240000 | V61: 240000
B62: 46127 | C62: BS0054 | D62: =IFERROR(VLOOKUP(C62,제품목록,3,FALSE),"") -> 알루미늄리드지 (국내/중국 원데이_아이리스)_무광 코팅 | F62: 1375000 | G62: 46139 | M62: =IFERROR(_xlfn.XLOOKUP(C62,[1]III.재고현황!O:O,[1]III.재고현황!R:R),) -> 0 | N62: =F62-O62 -> -801000 | O62: =SUM(P62:AI62) -> 2176000 | P62: 682000 | V62: 976000 | W62: 518000 | AJ62: =SUM(X62:AI62) -> 0
B63: 46156 | C63: BS0054 | D63: =IFERROR(VLOOKUP(C63,제품목록,3,FALSE),"") -> 알루미늄리드지 (국내/중국 원데이_아이리스)_무광 코팅 | F63: 2000000 | G63: 5/29 | N63: 2000000 | O63: =SUM(P63:AI63) -> 0
B64: 46168 | C64: BS0054 | D64: =IFERROR(VLOOKUP(C64,제품목록,3,FALSE),"") -> 알루미늄리드지 (국내/중국 원데이_아이리스)_무광 코팅 | F64: 2000000 | G64: 6/10 | N64: 2000000 | O64: =SUM(P64:AI64) -> 0
B65: 46168 | C65: BS0073 | D65: =IFERROR(VLOOKUP(C65,제품목록,3,FALSE),"") -> 알루미늄리드지 (일본 PIA 1day 55%)_유광 코팅 | F65: 2000000 | G65: 6/10 | N65: =F65-O65 -> 999000 | O65: =SUM(P65:AI65) -> 1001000 | AC65: 1001000
B66: 46169 | C66: BS0073 | D66: =IFERROR(VLOOKUP(C66,제품목록,3,FALSE),"") -> 알루미늄리드지 (일본 PIA 1day 55%)_유광 코팅 | F66: 2000000 | G66: 6/1 | N66: =F66-O66 -> 2000000 | O66: =SUM(P66:AI66) -> 0
B67: 5/14 | C67: BS0333 | D67: Monthly_무지 80mm | F67: 6000000 | H67: 5/29 | I67: 5/22 | J67: " | N67: =F67-O67 -> 3881828 | O67: =SUM(P67:AI67) -> 2118172 | AA67: 2118172
B68: 46142 | C68: BS0066 | D68: 이태리 Soleko - Queen's one 원데이 컬러_유광 | F68: 200000 | G68: 5/15 | H68: 5/27 | I68: 5/27 | J68: 5/29 | N68: =F68-O68 -> 200000 | O68: =SUM(P68:AI68) -> 0
B69: 46150 | C69: BS0062 | D69: 일본 sincere Natural 1day Moisture_유광 | F69: 300000 | G69: 5/18 | H69: 5/28 | I69: 5/28 | N69: =F69-O69 -> -37000 | O69: =SUM(P69:AI69) -> 337000 | AC69: 337000
B70: 5/14 | C70: BS0145 | D70: 일본 PIA 1day 38% mimuco_유광 | F70: 200000 | G70: 5/29 | H70: 5/29 | I70: 5/29 | N70: =F70-O70 -> -53000 | O70: =SUM(P70:AI70) -> 253000 | AC70: 253000
B71: 5/14 | C71: BS0052 | D71: Iris Toric_무광 | F71: 500000 | G71: 5/29 | H71: 5/29 | I71: 5/29 | J71: 5/29 | N71: =F71-O71 -> 500000 | O71: =SUM(P71:AI71) -> 0
B72: 5/14 | C72: BS0317 | D72: PIA 1M 38% MOLAK_유광 | F72: 200000 | G72: 5/29 | H72: 5/29 | I72: 5/29 | J72: 5/29 | N72: =F72-O72 -> 200000 | O72: =SUM(P72:AI72) -> 0
B73: 46164 | C73: BS0337 | D73: PIA 1M 38% TOPARDS_유광 | F73: 200000 | G73: 5/29 | H73: 5/29 | I73: 5/29 | J73: 5/29 | N73: =F73-O73 -> 200000 | O73: =SUM(P73:AI73) -> 0
B74: 46164 | C74: BS0149 | D74: Clalen O2O2 Color 1Day_무광 | F74: 1000000 | G74: 5/29 | H74: 6/2 | J74: 6/3 | N74: =F74-O74 -> 1000000 | O74: =SUM(P74:AI74) -> 0
B75: 46164 | C75: BS0086 | D75: Iris 수지 브라운 _ 무광 | F75: 500000 | G75: 6/5 | H75: 6/5 | J75: 5/29 | N75: =F75-O75 -> 500000 | O75: =SUM(P75:AI75) -> 0
B76: 46164 | C76: BS0219 | D76: 한국 하파크리스틴(1M) 핑크 리드지_유광 (중사각) | F76: 200000 | G76: 6/8 | H76: 6/9 | J76: 6/5 | N76: =F76-O76 -> 200000 | O76: =SUM(P76:AI76) -> 0
B77: 46164 | C77: BS0162 | D77: 국내 OPTACON ZOOM 1-Day_무광 | F77: 500000 | G77: 6/12 | H77: 6/12 | J77: 6/12 | N77: =F77-O77 -> 500000 | O77: =SUM(P77:AI77) -> 0
B78: 46164 | C78: BS0150 | D78: 일본 ANW Dopewink 1D 리드지_유광 | F78: 200000 | G78: 6/15 | H78: 6/15 | J78: 6/15 | N78: =F78-O78 -> 200000 | O78: =SUM(P78:AI78) -> 0
B79: 46168 | C79: BS0248 | D79: 일본 T-garden 1D 55% Cheritta_유광 | F79: 300000 | G79: 6/5 | H79: 6/5 | J79: 6/5 | N79: =F79-O79 -> 300000 | O79: =SUM(P79:AI79) -> 0
B80: 46168 | C80: BS0286 | D80: 하파크리스틴 1Day Color 14.5_유광 | F80: 200000 | G80: 6/5 | H80: 6/5 | J80: 6/1 | N80: =F80-O80 -> 200000 | O80: =SUM(P80:AI80) -> 0
B81: 46168 | C81: BS0193 | D81: 태국MG Medical Group SISSE ONE DAY MINI JEJE Bronze_무광 | F81: 300000 | G81: 6/10 | H81: 6/5 | J81: 6/5 | N81: =F81-O81 -> 300000 | O81: =SUM(P81:AI81) -> 0
B82: 46168 | C82: BS0353 | D82: PIA 1D 55% Chapun_유광 | F82: 8000000 | G82: 6/19 | H82: 6/19 | J82: 6/19 | N82: =F82-O82 -> 8000000 | O82: =SUM(P82:AI82) -> 0
B83: 46168 | C83: BS0325 | D83: 국내 PIA 공용_유광 | F83: 300000 | G83: 6/19 | H83: 6/19 | J83: 6/19 | N83: =F83-O83 -> 300000 | O83: =SUM(P83:AI83) -> 0
B84: 46169 | C84: BS0226 | D84: 이탈리아 Marshal SiHy 1Day_무광 | F84: 200000 | G84: 5/25 | H84: 5/29 | J84: 5/29 | N84: =F84-O84 -> 200000 | O84: =SUM(P84:AI84) -> 0
B85: 46169 | C85: BS0191 | D85: 하파크리스틴 1Day Color_유광 | F85: 300000 | G85: 6/1 | H85: 6/5 | J85: 6/2 | N85: =F85-O85 -> 300000 | O85: =SUM(P85:AI85) -> 0
... B87: 46169 | C87: BS0275 | D87: 태국MGM GLAM Russian Brown_무광 (중사각) | F87: 200000 | G87: 6/3 | H87: 6/9 | J87: 6/5 | N87: =F87-O87 -> 200000 | O87: =SUM(P87:AI87) -> 0
B88: 46169
AJ89: =SUM(X89:AI89) -> 0
D90: Sample PIA 1D 55% Chapun_유광 | H90: 5/12 | K90: 완료 | AJ90: =SUM(X90:AI90) -> 0
D91: Sample BS0317-001 체코 Alensa metha 1day Color_유광 | H91: 5/19 | K91: 완료 | N91: =F91-O91 -> 0 | O91: =SUM(P91:AI91) -> 0 | AJ91: =SUM(X91:AI91) -> 0
D92: Sample 중국 CoFANCY 1day_유광 | I92: 5/21 | K92: 완료
D93: Sample Sincere Pium 1종 | G93: 46136 | H93: 5/9 | K93: 완료 | N93: =F93-O93 -> 0 | O93: =SUM(P93:AI93) -> 0 | AJ93: =SUM(X93:AI93) -> 0
D94: Sample BS0343-001렌즈미 CleanFit O2 clear 1Day 1종 | G94: 46136 | H94: 5/10 | K94: 완료 | N94: =F94-O94 -> 0 | O94: =SUM(P94:AI94) -> 0 | AJ94: =SUM(X94:AI94) -> 0
D95: Sample 태국 MGM 3종 | H95: 5/11 | N95: =F95-O95 -> 0 | O95: =SUM(P95:AI95) -> 0 | AJ95: =SUM(X95:AI95) -> 0
B96: 계 | F96: =SUM(F5:F37) -> 29538000 | M96: =SUM(M5:M33) -> 19088409 | N96: =SUM(N5:N95) -> 26519956 | O96: =SUM(O5:O95) -> 44843044 | P96: =SUM(P5:P95) -> 2714000 | Q96: =SUM(Q5:Q95) -> 2571000 | R96: =SUM(R5:R95) -> 2350000 | S96: =SUM(S5:S95) -> 5502228 | T96: =SUM(T5:T95) -> 3126000 | U96: =SUM(U5:U95) -> 1623000 | ... AH96: =SUM(AH5:AH95) -> 483000 | AI96: =SUM(AI5:AI33) -> 540000
V98: 2400000 | W98: 2400000 | X98: 2400000 | Y98: 2400000 | Z98: 2400000 | AA98: 2400000 | AB98: 2400000 | AC98: 2400000 | AD98: 2400000 | AE98: 2400000 | AF98: 2400000 | AG98: 2400000 | AH98: 2400000 | AI98: 2400000

Sheet II.리드지재고관리
B2: II. 리드지용 재고관리
B3: 일자 | C3: 원자재(입고예정) | E3: 원자재(희성보관) | G3: 에이징완료 (희성보관) | H3: 인쇄대기 (CMS보관)
B4: 안전재고 설정기준 | C4: MIN 1개월분 | E4: MIN 1개월분 | G4: MIN 1000만개 | H4: MIN 500만개
B5: 46163 | C5: CPP | D5: 40000000 | E5: CPP | F5: 24000000 | G5: 12000000 | H5: 5300000
C6: AL | D6: 111800000 | E6: AL | F6: 26000000
C7: PET | D7: 131000000 | E7: PET | F7: 60000000
B8: 46170 | C8: CPP | E8: CPP
C9: AL | E9: AL
C10: PET | E10: PET
B11: 46177 | C11: CPP | E11: CPP
C12: AL | E12: AL
C13: PET | E13: PET
B14: 46187 | C14: CPP | E14: CPP
C15: AL | E15: AL
C16: PET | E16: PET
B17: 46191 | C17: CPP | E17: CPP
C18: AL | E18: AL
C19: PET | E19: PET
B20: 46198 | C20: CPP | E20: CPP
C21: AL | E21: AL
C22: PET | E22: PET
B23: ※ 입고 예정분은 공급사 창고 보관분 포함

Sheet RD.참조DATA
F1: 2026-04-09기준
A2: 품목코드 | B2: 규격 | C2: 품목명 | D2: 품목구분 | E2: 대분류코드 | F2: 중분류코드
A3: BS0001 | B3: SJ-170 | C3: 블리스터케이스(소사각-SJ) | D3: 부자재 | E3: 부자재 | F3: 소프트렌즈(B)
A4: BS0002 | B4: SJ-170 | C4: 블리스터케이스(중사각-SJ) | D4: 부자재 | E4: 부자재 | F4: 소프트렌즈(B)
A5: BS0003 | B5: SJ-170 | C5: 블리스터케이스(원형-SJ) | D5: 부자재 | E5: 부자재 | F5: 소프트렌즈(B)
A6: BS0004 | B6: SJ-170 BS0004-001 | C6: 블리스터케이스(원데이_SJ) | D6: 부자재 | E6: 부자재 | F6: 소프트렌즈(B)
A7: BS0005 | B7: BS0005-002 | C7: 알루미늄리드지 (Monthly_무지) | D7: 부자재 | E7: 부자재 | F7: 소프트렌즈(B)
A8: BS0006 | B8: BS0006-001 | C8: 알루미늄리드지 (1-Day Soft)구형_무광 코팅 | D8: 부자재 | E8: 부자재 | F8: 소프트렌즈(B)
A9: BS0007 | B9: BS0007-001 | C9: 알루미늄리드지 (원데이-데일리)_유광 코팅 | D9: 부자재 | E9: 부자재 | F9: 소프트렌즈(B)
A10: BS0008 | B10: IRIS JAZZ BLACK | C10: 원데이써클리드지(IRIS_JB) | D10: 부자재 | E10: 부자재 | F10: 소프트렌즈(B)
A11: BS0009 | B11: IRIS SOUL BROWN | C11: 원데이써클리드지(IRIS_SB) | D11: 부자재 | E11: 부자재 | F11: 소프트렌즈(B)
A12: BS0010 | B12: BS0010-001 | C12: 알루미늄리드지(원데이_아이리스)구형 | D12: 부자재 | E12: 부자재 | F12: 소프트렌즈(B)
A13: BS0011 | B13: BS0011-001 | C13: 알루미늄리드지 (원데이-스플레쉬)_유광 코팅 | D13: 부자재 | E13: 부자재 | F13: 소프트렌즈(B)
... A36: BS0034 | B36: BS0034-001 | C36: 알루미늄리드지 (원데이-스플레쉬) 구 디자인_유광 코팅 | D36: 부자재 | E36: 부자재 | F36: 소프트렌즈(B)
A37: BS0035 | C37: 중국 Hydron tray | D37: 부자재 | E37: 부자재 | F37: 소프트렌즈(B)
A38: BS0036 | B38: BS0036-001 | C38: 알루미늄리드지 (PIA 1Day)_유광 코팅 | D38: 부자재 | E38: 부자재 | F38: 소프트렌즈(B)
A39: BS0037 | B39: BS0037-001 | C39: 알루미늄리드지 (아이리스 2weeks)_유광 코팅 | D39: 부자재 | E39: 부자재 | F39: 소프트렌즈(B)
A40: BS0038 | B40: BS0038-003 | C40: 알루미늄리드지 (Clalen 55S)_유광 코팅 | D40: 부자재 | E40: 부자재 | F40: 소프트렌즈(B)
A41: BS0039 | B41: BS0039-002 | C41: 알루미늄리드지 (신시아 2week UV)_유광 코팅 | D41: 부자재 | E41: 부자재 | F41: 소프트렌즈(B)
A42: BS0040 | B42: BS0040-001 | C42: 알루미늄리드지(아시아네트웍스-FlowerEyes) | D42: 부자재 | E42: 부자재 | F42: 소프트렌즈(B)
A43: BS0041 | B43: BS0041-001 | C43: 알루미늄리드지(아시아네트웍스-돈키PB) | D43: 부자재 | E43: 부자재 | F43: 소프트렌즈(B)
A44: BS0042 | B44: SJ-170 | C44: 블리스터케이스(신시아_SJ) | D44: 부자재 | E44: 부자재 | F44: 소프트렌즈(B)
A45: BS0043 | B45: BS0043-001 | C45: 알루미늄리드지(Asia-리치베이비) | D45: 부자재 | E45: 부자재 | F45: 소프트렌즈(B)
A46: BS0044 | B46: BS0044-001 | C46: 알루미늄리드지(Asia-EyeGrace) | D46: 부자재 | E46: 부자재 | F46: 소프트렌즈(B)
A47: BS0045 | B47: BS0045-001 | C47: 알루미늄리드지(Asia-주얼리하트) | D47: 부자재 | E47: 부자재 | F47: 소프트렌즈(B)
A48: BS0046 | B48: BS0046-001 | C48: 알루미늄리드지 (무지-백색w210) | D48: 부자재 | E48: 부자재 | F48: 소프트렌즈(B)
A49: BS0047 | B49: SJ-170 | C49: 블리스터케이스(중사각-샌딩_SJ) | D49: 부자재 | E49: 부자재 | F49: 소프트렌즈(B)
... A301: BS0300 | B301: BS0300-001 | C301: 알루미늄리드지 (이탈리아 Esoform SiHy 1Day 리드지) | D301: 부자재 | E301: 부자재 | F301: 소프트렌즈(B)
A302: BS0301 | B302: 5구 파레트(원형)_PP-TD20%(베이지) | C302: 타공소독케이스 (신형) | D302: 소모품 | E302: 소모품
A303: BS0302 | B303: SJ-170(융착산 형상 6개 추가) | C303: 블리스터케이스(원데이_SJ) | D303: 부자재 | E303: 부자재 | F303: 소프트렌즈(B)
A304: BS0303 | B304: BS0303-001 | C304: 알루미늄리드지 ((주)코코엘 Lighly Creamy 1Day) | D304: 부자재 | E304: 부자재 | F304: 소프트렌즈(B)
A305: BS0304 | B305: BS0304-001 | C305: 알루미늄리드지(Lighly Creamy 1Day Choco_30P) | D305: 부자재 | E305: 부자재 | F305: 소프트렌즈(B)
A306: BS0305 | B306: BS0305-001 | C306: 알루미늄리드지(Lighly Creamy 1Day Brown_30P) | D306: 부자재 | E306: 부자재 | F306: 소프트렌즈(B)
A307: BS0306 | B307: BS0306-001 | C307: 알루미늄리드지(Lighly Creamy 1Day Gray_30P) | D307: 부자재 | E307: 부자재 | F307: 소프트렌즈(B)
A308: BS0307 | B308: BS0307-001 | C308: 알루미늄리드지(Lighly Creamy 1Day Rose_30P) | D308: 부자재 | E308: 부자재 | F308: 소프트렌즈(B)
A309: BS0308 | B309: BS0308-001 | C309: 알루미늄리드지(Lighly Creamy 1Day Black_30P) | D309: 부자재 | E309: 부자재 | F309: 소프트렌즈(B)
A310: BS0309 | B310: BS0309-001 | C310: 알루미늄리드지 (러시아 Optic Center Adria X) | D310: 부자재 | E310: 부자재 | F310: 소프트렌즈(B)
A311: BS0310 | B311: BS0310-001 | C311: 알루미늄리드지 (태국 MG Medical Group_SISSE ONE DAY_BaBe Apricot 리드지) | D311: 부자재 | E311: 부자재 | F311: 소프트렌즈(B)
A312: BS0311 | B312: BS0311-001 | C312: 알루미늄리드지 (태국 MG Medical Group_SISSE ONE DAY_PoPo Milk Tea 리드지) | D312: 부자재 | E312: 부자재 | F312: 소프트렌즈(B)
A313: BS0312 | B313: BS0312-001 | C313: 알루미늄리드지 (태국 MG Medical Group_SISSE ONE DAY_PoPo Ceylon 리드지) | D313: 부자재 | E313: 부자재 | F313: 소프트렌즈(B)
A314: BS0313 | B314: BS0313-001 | C314: 알루미늄리드지 (태국 MG Medical Group_SISSE ONE DAY_LiLi Sugar 리드지) | D314: 부자재 | E314: 부자재 | F314: 소프트렌즈(B)
... A347: BS0346 | B347: BS0346-001 | C347: 알루미늄리드지 (글라스바바 Oravis 1Day 30P) | D347: 부자재 | E347: 부자재 | F347: 소프트렌즈(B)

Sheet RD.재고현황
A1: 창고 | B1: 구분 | C1: 품목코드 | D1: 품목명 | E1: 규격 | F1: 대분류 | G1: 중분류 | H1: Lot.No | I1: 기초 | J1: 입고 | K1: 출고 | L1: 재고 | M1: 검사대기 | N1: 단위 | O1: 합계 : 재고 | P1: 열 레이블
A2: 용마창고 | B2: 부자재 | C2: BS0053 | D2: 알루미늄리드지 (국내/중국 1-Day Soft)_무광 코팅 | E2: BS0053-002 | F2: 부자재 | G2: 소프트렌즈(B) | I2: 0 | J2: 0 | K2: 0 | L2: 0 | M2: 0 | N2: EA | O2: 행 레이블 | P2: A관 공정부자재 | Q2: C관 공정부자재 | R2: L관창고(자재) | S2: 총합계
A3: 용마창고 | B3: 부자재 | C3: BS0073 | D3: 알루미늄리드지 (일본 PIA 1day 55%)_유광 코팅 | E3: BS0073-002 | F3: 부자재 | G3: 소프트렌즈(B) | I3: 0 | J3: 0 | K3: 0 | L3: 0 | M3: 0 | N3: EA | O3: BS0005 | P3: 677965 | Q3: 0 | R3: 1200030 | S3: 1877995
A4: 용마창고 | B4: 부자재 | C4: BS0129 | D4: 알루미늄리드지 (중국향 Clalen RINA 1-Day 리드지)_유광 코팅 | E4: BS0129-001 | F4: 부자재 | G4: 소프트렌즈(B) | I4: 0 | J4: 0 | K4: 0 | L4: 0 | M4: 0 | N4: EA | O4: BS0006 | Q4: 89788 | R4: 100000 | S4: 189788
A5: 용마창고 | B5: 부자재 | C5: BS0155 | D5: 알루미늄리드지 (공용 Alcon Freshlook CC Lens)_유광 코팅 | E5: BS0155-001 | F5: 부자재 | G5: 소프트렌즈(B) | I5: 0 | J5: 0 | K5: 0 | L5: 0 | M5: 0 | N5: EA | O5: BS0007 | Q5: 10366 | R5: 0 | S5: 10366
A6: 용마창고 | B6: 부자재 | C6: BS0214 | D6: 알루미늄리드지 (Bella 리뉴얼 원데이 리드지(아랍))_유광코팅 | E6: BS0214-001 | F6: 부자재 | G6: 소프트렌즈(B) | I6: 0 | J6: 0 | K6: 0 | L6: 0 | M6: 0 | N6: EA | O6: BS0010 | R6: 0 | S6: 0
A7: L관창고(자재) | B7: 부자재 | C7: BS0005 | D7: 알루미늄리드지 (Monthly_무지) | E7: BS0005-002 | F7: 부자재 | G7: 소프트렌즈(B) | I7: 1560039 | J7: 0 | K7: 360009 | L7: 1200030 | M7: 0 | N7: EA | O7: BS0011 | Q7: 77298 | R7: 98000 | S7: 175298
A8: L관창고(자재) | B8: 부자재 | C8: BS0006 | D8: 알루미늄리드지 (1-Day Soft)구형_무광 코팅 | E8: BS0006-001 | F8: 부자재 | G8: 소프트렌즈(B) | I8: 100000 | J8: 0 | K8: 0 | L8: 100000 | M8: 0 | N8: EA | O8: BS0012 | R8: 0 | S8: 0
A9: L관창고(자재) | B9: 부자재 | C9: BS0007 | D9: 알루미늄리드지 (원데이-데일리)_유광 코팅 | E9: BS0007-001 | F9: 부자재 | G9: 소프트렌즈(B) | I9: 148000 | J9: 0 | K9: 148000 | L9: 0 | M9: 0 | N9: EA | O9: BS0013 | R9: 0 | S9: 0
A10: L관창고(자재) | B10: 부자재 | C10: BS0010 | D10: 알루미늄리드지(원데이_아이리스)구형 | E10: BS0010-001 | F10: 부자재 | G10: 소프트렌즈(B) | I10: 0 | J10: 0 | K10: 0 | L10: 0 | M10: 0 | N10: EA | O10: BS0014 | R10: 0 | S10: 0
A11: L관창고(자재) | B11: 부자재 | C11: BS0011 | D11: 알루미늄리드지 (원데이-스플레쉬)_유광 코팅 | E11: BS0011-001 | F11: 부자재 | G11: 소프트렌즈(B) | I11: 98000 | J11: 0 | K11: 0 | L11: 98000 | M11: 0 | N11: EA | O11: BS0023 | R11: 0 | S11: 0
A12: L관창고(자재) | B12: 부자재 | C12: BS0012 | D12: 알루미늄리드지(LuxeBrown) | E12: BS0012-001 | F12: 부자재 | G12: 소프트렌즈(B) | I12: 0 | J12: 0 | K12: 0 | L12: 0 | M12: 0 | N12: EA | O12: BS0031 | Q12: 132465 | R12: 48000 | S12: 180465
A13: L관창고(자재) | B13: 부자재 | C13: BS0013 | D13: 알루미늄리드지(SheerBlack) | E13: BS0013-001 | F13: 부자재 | G13: 소프트렌즈(B) | I13: 0 | J13: 0 | K13: 0 | L13: 0 | M13: 0 | N13: EA | O13: BS0032 | R13: 0 | S13: 0
A14: L관창고(자재) | B14: 부자재 | C14: BS0014 | D14: 알루미늄리드지(Sheerbrown) | E14: BS0014-001 | F14: 부자재 | G14: 소프트렌즈(B) | I14: 0 | J14: 0 | K14: 0 | L14: 0 | M14: 0 | N14: EA | O14: BS0033 | R14: 0 | S14: 0
A15: L관창고(자재) | B15: 부자재 | C15: BS0023 | D15: 알루미늄리드지(1-Day Facil) | E15: BS0023-001 | F15: 부자재 | G15: 소프트렌즈(B) | I15: 0 | J15: 0 | K15: 0 | L15: 0 | M15: 0 | N15: EA | O15: BS0034 | R15: 0 | S15: 0
A16: L관창고(자재) | B16: 부자재 | C16: BS0031 | D16: 알루미늄리드지 (원데이-MPG&E)_유광 코팅 | E16: BS0031-004 | F16: 부자재 | G16: 소프트렌즈(B) | I16: 48000 | J16: 0 | K16: 0 | L16: 48000 | M16: 0 | N16: EA | O16: BS0036 | Q16: 105185 | R16: 1115000 | S16: 1220185
A17: L관창고(자재) | B17: 부자재 | C17: BS0032 | D17: 알루미늄리드지 (무지-백색) | E17: BS0032-001 | F17: 부자재 | G17: 소프트렌즈(B) | I17: 0 | J17: 0 | K17: 0 | L17: 0 | M17: 0 | N17: EA | O17: BS0037 | R17: 0 | S17: 0
A18: L관창고(자재) | B18: 부자재 | C18: BS0033 | D18: 알루미늄리드지(1-Day LARME) | E18: BS0033-001 | F18: 부자재 | G18: 소프트렌즈(B) | I18: 0 | J18: 0 | K18: 0 | L18: 0 | M18: 0 | N18: EA | O18: BS0038 | Q18: 19794 | R18: 62553 | S18: 82347
A19: L관창고(자재) | B19: 부자재 | C19: BS0034 | D19: 알루미늄리드지 (원데이-스플레쉬) 구 디자인_유광 코팅 | E19: BS0034-001 | F19: 부자재 | G19: 소프트렌즈(B) | I19: 0 | J19: 0 | K19: 0 | L19: 0 | M19: 0 | N19: EA | O19: BS0039 | Q19: 10227 | R19: 259200 | S19: 269427
A20: L관창고(자재) | B20: 부자재 | C20: BS0036 | D20: 알루미늄리드지 (PIA 1Day)_유광 코팅 | E20: BS0036-001 | F20: 부자재 | G20: 소프트렌즈(B) | I20: 2525000 | J20: 0 | K20: 1410000 | L20: 1115000 | M20: 0 | N20: EA | O20: BS0040 | R20: 0 | S20: 0
A21: L관창고(자재) | B21: 부자재 | C21: BS0037 | D21: 알루미늄리드지 (아이리스 2weeks)_유광 코팅 | E21: BS0037-001 | F21: 부자재 | G21: 소프트렌즈(B) | I21: 0 | J21: 0 | K21: 0 | L21: 0 | M21: 0 | N21: EA | O21: BS0041 | R21: 0 | S21: 0
A22: L관창고(자재) | B22: 부자재 | C22: BS0038 | D22: 알루미늄리드지 (Clalen 55S)_유광 코팅 | E22: BS0038-003 | F22: 부자재 | G22: 소프트렌즈(B) | I22: 62553 | J22: 0 | K22: 0 | L22: 62553 | M22: 0 | N22: EA | O22: BS0043 | R22: 0 | S22: 0
A23: L관창고(자재) | B23: 부자재 | C23: BS0039 | D23: 알루미늄리드지 (신시아 2week UV)_유광 코팅 | E23: BS0039-002 | F23: 부자재 | G23: 소프트렌즈(B) | I23: 259200 | J23: 0 | K23: 0 | L23: 259200 | M23: 0 | N23: EA | O23: BS0044 | R23: 0 | S23: 0
A24: L관창고(자재) | B24: 부자재 | C24: BS0040 | D24: 알루미늄리드지(아시아네트웍스-FlowerEyes) | E24: BS0040-001 | F24: 부자재 | G24: 소프트렌즈(B) | I24: 0 | J24: 0 | K24: 0 | L24: 0 | M24: 0 | N24: EA | O24: BS0045 | R24: 0 | S24: 0
A25: L관창고(자재) | B25: 부자재 | C25: BS0041 | D25: 알루미늄리드지(아시아네트웍스-돈키PB) | E25: BS0041-001 | F25: 부자재 | G25: 소프트렌즈(B) | I25: 0 | J25: 0 | K25: 0 | L25: 0 | M25: 0 | N25: EA | O25: BS0046 | R25: 0 | S25: 0
A26: L관창고(자재) | B26: 부자재 | C26: BS0043 | D26: 알루미늄리드지(Asia-리치베이비) | E26: BS0043-001 | F26: 부자재 | G26: 소프트렌즈(B) | I26: 0 | J26: 0 | K26: 0 | L26: 0 | M26: 0 | N26: EA | O26: BS0048 | Q26: 201670 | R26: 96000 | S26: 297670
A27: L관창고(자재) | B27: 부자재 | C27: BS0044 | D27: 알루미늄리드지(Asia-EyeGrace) | E27: BS0044-001 | F27: 부자재 | G27: 소프트렌즈(B) | I27: 0 | J27: 0 | K27: 0 | L27: 0 | M27: 0 | N27: EA | O27: BS0049 | R27: 46000 | S27: 46000
A28: L관창고(자재) | B28: 부자재 | C28: BS0045 | D28: 알루미늄리드지(Asia-주얼리하트) | E28: BS0045-001 | F28: 부자재 | G28: 소프트렌즈(B) | I28: 0 | J28: 0 | K28: 0 | L28: 0 | M28: 0 | N28: EA | O28: BS0050 | Q28: 444262 | R28: 775000 | S28: 1219262
A29: L관창고(자재) | B29: 부자재 | C29: BS0046 | D29: 알루미늄리드지 (무지-백색w210) | E29: BS0046-001 | F29: 부자재 | G29: 소프트렌즈(B) | I29: 0 | J29: 0 | K29: 0 | L29: 0 | M29: 0 | N29: EA | O29: BS0051 | R29: 0 | S29: 0
A30: L관창고(자재) | B30: 부자재 | C30: BS0048 | D30: 알루미늄리드지 (Metha Daily)_유광 코팅 | E30: BS0048-001 | F30: 부자재 | G30: 소프트렌즈(B) | I30: 390000 | J30: 0 | K30: 294000 | L30: 96000 | M30: 0 | N30: EA | O30: BS0052 | Q30: 72375 | R30: 480000 | S30: 552375
A31: L관창고(자재) | B31: 부자재 | C31: BS0049 | D31: 알루미늄리드지 (신시아_원데이UV모이스쳐)_무광 코팅 | E31: BS0049-002 | F31: 부자재 | G31: 소프트렌즈(B) | I31: 46000 | J31: 0 | K31: 0 | L31: 46000 | M31: 0 | N31: EA | O31: BS0053 | Q31: 179719 | R31: 3829000 | S31: 4008719
A32: L관창고(자재) | B32: 부자재 | C32: BS0050 | D32: 알루미늄리드지 (Iris_수지그레이)_무광 코팅 | E32: BS0050-002 | F32: 부자재 | G32: 소프트렌즈(B) | I32: 1458000 | J32: 0 | K32: 683000 | L32: 775000 | M32: 0 | N32: EA | O32: BS0054 | Q32: 969746 | R32: 0 | S32: 969746
A33: L관창고(자재) | B33: 부자재 | C33: BS0051 | D33: 알루미늄리드지 (스타비전_넬리브라운)_유광 코팅 | E33: BS0051-002 | F33: 부자재 | G33: 소프트렌즈(B) | I33: 0 | J33: 0 | K33: 0 | L33: 0 | M33: 0 | N33: EA | O33: BS0055 | R33: 0 | S33: 0
A34: L관창고(자재) | B34: 부자재 | C34: BS0052 | D34: 알루미늄리드지 (Iris-Toric)_무광 코팅 | E34: BS0052-002 | F34: 부자재 | G34: 소프트렌즈(B) | I34: 675000 | J34: 0 | K34: 195000 | L34: 480000 | M34: 0 | N34: EA | O34: BS0057 | Q34: 121744 | R34: 539000 | S34: 660744
A35: L관창고(자재) | B35: 부자재 | C35: BS0053 | D35: 알루미늄리드지 (국내/중국 1-Day Soft)_무광 코팅 | E35: BS0053-002 | F35: 부자재 | G35: 소프트렌즈(B) | I35: 722000 | J35: 3107000 | K35: 0 | L35: 3829000 | M35: 0 | N35: EA | O35: BS0058 | R35: 0 | S35: 0
A36: L관창고(자재) | B36: 부자재 | C36: BS0054 | D36: 알루미늄리드지 (국내/중국 원데이_아이리스)_무광 코팅 | E36: BS0054-003 | F36: 부자재 | G36: 소프트렌즈(B) | I36: 3402000 | J36: 864000 | K36: 4266000 | L36: 0 | M36: 0 | N36: EA | O36: BS0059 | Q36: 16586 | R36: 389000 | S36: 405586
A37: L관창고(자재) | B37: 부자재 | C37: BS0055 | D37: 알루미늄리드지 (스타비전_아이스그레이)_유광 코팅 | E37: BS0055-002 | F37: 부자재 | G37: 소프트렌즈(B) | I37: 0 | J37: 0 | K37: 0 | L37: 0 | M37: 0 | N37: EA | O37: BS0060 | R37: 0 | S37: 0
A38: L관창고(자재) | B38: 부자재 | C38: BS0057 | D38: 알루미늄리드지 (Iris-알리샤브라운)_무광 코팅 | E38: BS0057-002 | F38: 부자재 | G38: 소프트렌즈(B) | I38: 48000 | J38: 587000 | K38: 96000 | L38: 539000 | M38: 0 | N38: EA | O38: BS0061 | R38: 0 | S38: 0
A39: L관창고(자재) | B39: 부자재 | C39: BS0058 | D39: 알루미늄리드지 (프랑스 Ophtalmic 1-day 블랙)_무광 코팅 | E39: BS0058-001 | F39: 부자재 | G39: 소프트렌즈(B) | I39: 0 | J39: 0 | K39: 0 | L39: 0 | M39: 0 | N39: EA | O39: BS0062 | Q39: 0 | R39: 95000 | S39: 95000
A40: L관창고(자재) | B40: 부자재 | C40: BS0059 | D40: 알루미늄리드지 (Bella_1Day_컬러 리드지)_유광 코팅 | E40: BS0059-001 | F40: 부자재 | G40: 소프트렌즈(B) | I40: 389000 | J40: 0 | K40: 0 | L40: 389000 | M40: 0 | N40: EA | O40: BS0063 | R40: 0 | S40: 0
A41: L관창고(자재) | B41: 부자재 | C41: BS0060 | D41: 알루미늄리드지 (From-eyes - anecon)_무광 코팅 | E41: BS0060-001 | F41: 부자재 | G41: 소프트렌즈(B) | I41: 0 | J41: 0 | K41: 0 | L41: 0 | M41: 0 | N41: EA | O41: BS0064 | Q41: 12383 | R41: 287235 | S41: 299618
A42: L관창고(자재) | B42: 부자재 | C42: BS0061 | D42: 알루미늄리드지 (From-eyes - motecon)_무광 코팅 | E42: BS0061-001 | F42: 부자재 | G42: 소프트렌즈(B) | I42: 0 | J42: 0 | K42: 0 | L42: 0 | M42: 0 | N42: EA | O42: BS0065 | Q42: 34835 | R42: 144000 | S42: 178835
A43: L관창고(자재) | B43: 부자재 | C43: BS0062 | D43: 알루미늄리드지 (일본 sincere Natural 1day Moisture)_유광 코팅 | E43: BS0062-002 | F43: 부자재 | G43: 소프트렌즈(B) | I43: 95000 | J43: 0 | K43: 0 | L43: 95000 | M43: 0 | N43: EA | O43: BS0066 | Q43: 51975 | R43: 0 | S43: 51975
A44: L관창고(자재) | B44: 부자재 | C44: BS0063 | D44: 알루미늄리드지 (일본 sincere Naturali 1day clear UV moisture)_무광 코팅 | E44: BS0063-001 | F44: 부자재 | G44: 소프트렌즈(B) | I44: 0 | J44: 0 | K44: 0 | L44: 0 | M44: 0 | N44: EA | O44: BS0068 | R44: 0 | S44: 0
A45: L관창고(자재) | B45: 부자재 | C45: BS0064 | D45: 알루미늄리드지 (국내/중국 클라렌 아이리스 2)_무광 코팅 | E45: BS0064-002 | F45: 부자재 | G45: 소프트렌즈(B) | I45: 287235 | J45: 0 | K45: 0 | L45: 287235 | M45: 0 | N45: EA | O45: BS0069 | R45: 0 | S45: 0
A46: L관창고(자재) | B46: 부자재 | C46: BS0065 | D46: 알루미늄리드지 (미국 PDI 원데이)_유광 코팅 | E46: BS0065-001 | F46: 부자재 | G46: 소프트렌즈(B) | I46: 144000 | J46: 0 | K46: 0 | L46: 144000 | M46: 0 | N46: EA | O46: BS0070 | R46: 0 | S46: 0
A47: L관창고(자재) | B47: 부자재 | C47: BS0066 | D47: 알루미늄리드지 (이태리 Soleko – Queen’s one 원데이 컬러)_유광 코팅 | E47: BS0066-002 | F47: 부자재 | G47: 소프트렌즈(B) | I47: 0 | J47: 0 | K47: 0 | L47: 0 | M47: 0 | N47: EA | O47: BS0072 | Q47: 57052 | R47: 0 | S47: 57052
A48: L관창고(자재) | B48: 부자재 | C48: BS0068 | D48: 알루미늄리드지 (일본 From eyes Eyecloset)_무광 코팅 | E48: BS0068-001 | F48: 부자재 | G48: 소프트렌즈(B) | I48: 0 | J48: 0 | K48: 0 | L48: 0 | M48: 0 | N48: EA | O48: BS0073 | Q48: 898220 | R48: 1077000 | S48: 1975220
A49: L관창고(자재) | B49: 부자재 | C49: BS0069 | D49: 알루미늄리드지 (중국 Clalen 38S)_유광 코팅 | E49: BS0069-001 | F49: 부자재 | G49: 소프트렌즈(B) | I49: 0 | J49: 0 | K49: 0 | L49: 0 | M49: 0 | N49: EA | O49: BS0074 | Q49: 117570 | R49: 578000 | S49: 695570
A50: L관창고(자재) | B50: 부자재 | C50: BS0070 | D50: 알루미늄리드지 (일본 From eyes 55% clear 1day)_무광 코팅 | E50: BS0070-001 | F50: 부자재 | G50: 소프트렌즈(B) | I50: 0 | J50: 0 | K50: 0 | L50: 0 | M50: 0 | N50: EA | O50: BS0075 | R50: 0 | S50: 0
A51: L관창고(자재) | B51: 부자재 | C51: BS0072 | D51: 알루미늄리드지 (캐나다 PIA 1-DAY)_유광 코팅 | E51: BS0072-002 | F51: 부자재 | G51: 소프트렌즈(B) | I51: 0 | J51: 0 | K51: 0 | L51: 0 | M51: 0 | N51: EA | O51: BS0076 | R51: 0 | S51: 0
A52: L관창고(자재) | B52: 부자재 | C52: BS0073 | D52: 알루미늄리드지 (일본 PIA 1day 55%)_유광 코팅 | E52: BS0073-002 | F52: 부자재 | G52: 소프트렌즈(B) | I52: 1353000 | J52: 3519000 | K52: 3795000 | L52: 1077000 | M52: 0 | N52: EA | O52: BS0077 | R52: 0 | S52: 0
A53: L관창고(자재) | B53: 부자재 | C53: BS0074 | D53: 알루미늄리드지 (해외공용 1-day 리드지)_유광 코팅 | E53: BS0074-001 | F53: 부자재 | G53: 소프트렌즈(B) | I53: 578000 | J53: 0 | K53: 0 | L53: 578000 | M53: 0 | N53: EA | O53: BS0078 | R53: 0 | S53: 0
A54: L관창고(자재) | B54: 부자재 | C54: BS0075 | D54: 알루미늄리드지 (일본 HOYA_Casual Ash 55%)_유광 코팅 | E54: BS0075-001 | F54: 부자재 | G54: 소프트렌즈(B) | I54: 0 | J54: 0 | K54: 0 | L54: 0 | M54: 0 | N54: EA | O54: BS0079 | R54: 0 | S54: 0
A55: L관창고(자재) | B55: 부자재 | C55: BS0076 | D55: 알루미늄리드지 (일본 HOYA_Aurora Gray 55%)_유광 코팅 | E55: BS0076-001 | F55: 부자재 | G55: 소프트렌즈(B) | I55: 0 | J55: 0 | K55: 0 | L55: 0 | M55: 0 | N55: EA | O55: BS0080 | R55: 0 | S55: 0
A56: L관창고(자재) | B56: 부자재 | C56: BS0077 | D56: 알루미늄리드지 (일본 HOYA_Noble Ash 55%)_유광 코팅 | E56: BS0077-001 | F56: 부자재 | G56: 소프트렌즈(B) | I56: 0 | J56: 0 | K56: 0 | L56: 0 | M56: 0 | N56: EA | O56: BS0081 | R56: 0 | S56: 0
A57: L관창고(자재) | B57: 부자재 | C57: BS0078 | D57: 알루미늄리드지 (일본 HOYA_Maquia Brown 55%)_유광 코팅 | E57: BS0078-001 | F57: 부자재 | G57: 소프트렌즈(B) | I57: 0 | J57: 0 | K57: 0 | L57: 0 | M57: 0 | N57: EA | O57: BS0082 | Q57: 21034 | R57: 0 | S57: 21034
A58: L관창고(자재) | B58: 부자재 | C58: BS0079 | D58: 알루미늄리드지 (일본 From eyes Moisture 55%)_무광 코팅 | E58: BS0079-001 | F58: 부자재 | G58: 소프트렌즈(B) | I58: 0 | J58: 0 | K58: 0 | L58: 0 | M58: 0 | N58: EA | O58: BS0083 | Q58: 157408 | R58: 258000 | S58: 415408
A59: L관창고(자재) | B59: 부자재 | C59: BS0080 | D59: 알루미늄리드지 (중국 아이키니 1-Day 리드지)_유광 코팅 | E59: BS0080-001 | F59: 부자재 | G59: 소프트렌즈(B) | I59: 0 | J59: 0 | K59: 0 | L59: 0 | M59: 0 | N59: EA | O59: BS0084 | Q59: 20117 | R59: 290000 | S59: 310117
A60: L관창고(자재) | B60: 부자재 | C60: BS0081 | D60: 알루미늄리드지 (국내 아이키니 1-Day 리드지)_유광 코팅 | E60: BS0081-001 | F60: 부자재 | G60: 소프트렌즈(B) | I60: 0 | J60: 0 | K60: 0 | L60: 0 | M60: 0 | N60: EA | O60: BS0085 | Q60: 36669 | R60: 300000 | S60: 336669
A61: L관창고(자재) | B61: 부자재 | C61: BS0082 | D61: 알루미늄리드지 (PIA 55% 1Day Clear UV)_유광 코팅 | E61: BS0082-001 | F61: 부자재 | G61: 소프트렌즈(B) | I61: 0 | J61: 0 | K61: 0 | L61: 0 | M61: 0 | N61: EA | O61: BS0086 | Q61: 436765 | R61: 0 | S61: 436765
A62: L관창고(자재) | B62: 부자재 | C62: BS0083 | D62: 알루미늄리드지 (체코 Alensa US 원데이 리드지)_유광 코팅 | E62: BS0083-002 | F62: 부자재 | G62: 소프트렌즈(B) | I62: 258000 | J62: 0 | K62: 0 | L62: 258000 | M62: 0 | N62: EA | O62: BS0089 | Q62: 72363 | R62: 0 | S62: 72363
A63: L관창고(자재) | B63: 부자재 | C63: BS0084 | D63: 알루미늄리드지 (렌즈타운 Lighly 1Day_Brown)_유광 코팅 | E63: BS0084-001 | F63: 부자재 | G63: 소프트렌즈(B) | I63: 290000 | J63: 0 | K63: 0 | L63: 290000 | M63: 0 | N63: EA | O63: BS0090 | Q63: 18648 | R63: 340000 | S63: 358648
A64: L관창고(자재) | B64: 부자재 | C64: BS0085 | D64: 알루미늄리드지 (렌즈타운 Lighly 1Day_Gray)_유광 코팅 | E64: BS0085-001 | F64: 부자재 | G64: 소프트렌즈(B) | I64: 300000 | J64: 0 | K64: 0 | L64: 300000 | M64: 0 | N64: EA | O64: BS0091 | Q64: 30875 | R64: 384000 | S64: 414875
A65: L관창고(자재) | B65: 부자재 | C65: BS0086 | D65: 알루미늄리드지 (Iris_수지브라운)_무광 코팅 | E65: BS0086-001 | F65: 부자재 | G65: 소프트렌즈(B) | I65: 650000 | J65: 0 | K65: 650000 | L65: 0 | M65: 0 | N65: EA | O65: BS0093 | Q65: 5894 | R65: 41000 | S65: 46894
A66: L관창고(자재) | B66: 부자재 | C66: BS0089 | D66: 알루미늄리드지 (일본 HOYA_LaFORTE 55%)_유광 코팅 | E66: BS0089-001 | F66: 부자재 | G66: 소프트렌즈(B) | I66: 0 | J66: 0 | K66: 0 | L66: 0 | M66: 0 | N66: EA | O66: BS0094 | R66: 0 | S66: 0
A67: L관창고(자재) | B67: 부자재 | C67: BS0090 | D67: 알루미늄리드지 (렌즈미 Realsome_Brown)_유광 코팅 | E67: BS0090-001 | F67: 부자재 | G67: 소프트렌즈(B) | I67: 340000 | J67: 0 | K67: 0 | L67: 340000 | M67: 0 | N67: EA | O67: BS0095 | Q67: 0 | R67: 528000 | S67: 528000
A68: L관창고(자재) | B68: 부자재 | C68: BS0091 | D68: 알루미늄리드지 (렌즈미 Realsome_Choco)_유광 코팅 | E68: BS0091-001 | F68: 부자재 | G68: 소프트렌즈(B) | I68: 384000 | J68: 0 | K68: 0 | L68: 384000 | M68: 0 | N68: EA | O68: BS0098 | R68: 0 | S68: 0
A69: L관창고(자재) | B69: 부자재 | C69: BS0093 | D69: 알루미늄리드지 (레바논 SAAD 원데이 컬러 TAMO 리드지)_유광 코팅 | E69: BS0093-001 | F69: 부자재 | G69: 소프트렌즈(B) | I69: 41000 | J69: 0 | K69: 0 | L69: 41000 | M69: 0 | N69: EA | O69: BS0099 | R69: 0 | S69: 0
A70: L관창고(자재) | B70: 부자재 | C70: BS0094 | D70: 알루미늄리드지 (일본 From eyes Eyecloset) 국/디 (무광)_무광 코팅 | E70: BS0094-001 | F70: 부자재 | G70: 소프트렌즈(B) | I70: 0 | J70: 0 | K70: 0 | L70: 0 | M70: 0 | N70: EA | O70: BS0100 | Q70: 68513 | R70: 48000 | S70: 116513
A71: L관창고(자재) | B71: 부자재 | C71: BS0095 | D71: 알루미늄리드지 (러시아 Optic Center 1-Day GO 리드지) | E71: BS0095-003 | F71: 부자재 | G71: 소프트렌즈(B) | I71: 767000 | J71: 0 | K71: 239000 | L71: 528000 | M71: 0 | N71: EA | O71: BS0101 | Q71: 16779 | R71: 144000 | S71: 160779
A72: L관창고(자재) | B72: 부자재 | C72: BS0098 | D72: 알루미늄리드지 (러시아 Optic Center ADRIA ZERO 리드지) | E72: BS0098-002 | F72: 부자재 | G72: 소프트렌즈(B) | I72: 522000 | J72: 0 | K72: 522000 | L72: 0 | M72: 0 | N72: EA | O72: BS0102 | Q72: 10798 | R72: 131000 | S72: 141798
A73: L관창고(자재) | B73: 부자재 | C73: BS0099 | D73: 알루미늄리드지 (싱가폴 Blincon OWNDAYS 1-day 리드지)_무광 코팅 | E73: BS0099-004 | F73: 부자재 | G73: 소프트렌즈(B) | I73: 0 | J73: 0 | K73: 0 | L73: 0 | M73: 0 | N73: EA | O73: BS0103 | Q73: 117383 | R73: 0 | S73: 117383
A74: L관창고(자재) | B74: 부자재 | C74: BS0100 | D74: 알루미늄리드지 (렌즈타운 Lighly Rose 1Day Beige)_유광 코팅 | E74: BS0100-001 | F74: 부자재 | G74: 소프트렌즈(B) | I74: 48000 | J74: 0 | K74: 0 | L74: 48000 | M74: 0 | N74: EA | O74: BS0104 | R74: 0 | S74: 0
A75: L관창고(자재) | B75: 부자재 | C75: BS0101 | D75: 알루미늄리드지 (렌즈타운 Lighly Rose 1Day Gray)_유광 코팅 | E75: BS0101-001 | F75: 부자재 | G75: 소프트렌즈(B) | I75: 144000 | J75: 0 | K75: 0 | L75: 144000 | M75: 0 | N75: EA | O75: BS0105 | R75: 0 | S75: 0
A76: L관창고(자재) | B76: 부자재 | C76: BS0102 | D76: 알루미늄리드지 (렌즈타운 Lighly Rose 1Day Rose)_유광 코팅 | E76: BS0102-001 | F76: 부자재 | G76: 소프트렌즈(B) | I76: 131000 | J76: 0 | K76: 0 | L76: 131000 | M76: 0 | N76: EA | O76: BS0107 | Q76: 41560 | R76: 295000 | S76: 336560
A77: L관창고(자재) | B77: 부자재 | C77: BS0103 | D77: 알루미늄리드지 (이태리 soleko US 58% 1day)_유광 코팅 | E77: BS0103-001 | F77: 부자재 | G77: 소프트렌즈(B) | I77: 96000 | J77: 0 | K77: 96000 | L77: 0 | M77: 0 | N77: EA | O77: BS0108 | Q77: 6118 | R77: 283000 | S77: 289118
A78: L관창고(자재) | B78: 부자재 | C78: BS0104 | D78: 알루미늄리드지 (중국 ALCON_Freshlook Chocolate)_유광 코팅 | E78: BS0104-003 | F78: 부자재 | G78: 소프트렌즈(B) | I78: 0 | J78: 0 | K78: 0 | L78: 0 | M78: 0 | N78: EA | O78: BS0109 | Q78: 47112 | R78: 291000 | S78: 338112
A79: L관창고(자재) | B79: 부자재 | C79: BS0105 | D79: 알루미늄리드지 (중국 ALCON_Freshlook Dreamy)_유광 코팅 | E79: BS0105-003 | F79: 부자재 | G79: 소프트렌즈(B) | I79: 0 | J79: 0 | K79: 0 | L79: 0 | M79: 0 | N79: EA | O79: BS0110 | Q79: 23553 | R79: 0 | S79: 23553
A80: L관창고(자재) | B80: 부자재 | C80: BS0107 | D80: 알루미늄리드지 (Clalen Astra_글리터)_유광 코팅 | E80: BS0107-002 | F80: 부자재 | G80: 소프트렌즈(B) | I80: 295000 | J80: 0 | K80: 0 | L80: 295000 | M80: 0 | N80: EA | O80: BS0111 | Q80: 20565 | R80: 299000 | S80: 319565
A81: L관창고(자재) | B81: 부자재 | C81: BS0108 | D81: 알루미늄리드지 (Clalen Astra Estelle_브라운)_유광 코팅 | E81: BS0108-002 | F81: 부자재 | G81: 소프트렌즈(B) | I81: 283000 | J81: 0 | K81: 0 | L81: 283000 | M81: 0 | N81: EA | O81: BS0112 | Q81: 57995 | R81: 156000 | S81: 213995
A82: L관창고(자재) | B82: 부자재 | C82: BS0109 | D82: 알루미늄리드지 (Clalen Astra Estelle_그레이)_유광 코팅 | E82: BS0109-002 | F82: 부자재 | G82: 소프트렌즈(B) | I82: 291000 | J82: 0 | K82: 0 | L82: 291000 | M82: 0 | N82: EA | O82: BS0113 | R82: 0 | S82: 0
A83: L관창고(자재) | B83: 부자재 | C83: BS0110 | D83: 알루미늄리드지 (캐나다 PIA 1Day 55% 컬러)_유광 코팅 | E83: BS0110-002 | F83: 부자재 | G83: 소프트렌즈(B) | I83: 0 | J83: 0 | K83: 0 | L83: 0 | M83: 0 | N83: EA | O83: BS0114 | R83: 0 | S83: 0
A84: L관창고(자재) | B84: 부자재 | C84: BS0111 | D84: 알루미늄리드지 (렌즈미 Realfit 3Color_Brown)_유광 코팅 | E84: BS0111-001 | F84: 부자재 | G84: 소프트렌즈(B) | I84: 299000 | J84: 0 | K84: 0 | L84: 299000 | M84: 0 | N84: EA | O84: BS0115 | Q84: 47573 | R84: 835000 | S84: 882573
A85: L관창고(자재) | B85: 부자재 | C85: BS0112 | D85: 알루미늄리드지 (렌즈미 Realfit 3Color_Gray)_유광 코팅 | E85: BS0112-001 | F85: 부자재 | G85: 소프트렌즈(B) | I85: 156000 | J85: 0 | K85: 0 | L85: 156000 | M85: 0 | N85: EA | O85: BS0116 | Q85: 50955 | R85: 2229000 | S85: 2279955
A86: L관창고(자재) | B86: 부자재 | C86: BS0113 | D86: 알루미늄리드지 (일본 sincere ITOB 원데이 리드지)_무광 코팅 | E86: BS0113-001 | F86: 부자재 | G86: 소프트렌즈(B) | I86: 0 | J86: 0 | K86: 0 | L86: 0 | M86: 0 | N86: EA | O86: BS0117 | Q86: 12137 | R86: 50000 | S86: 62137
A87: L관창고(자재) | B87: 부자재 | C87: BS0114 | D87: 알루미늄리드지 (무지-백색_PET12/AL30/CPP100_White 표면인쇄) | E87: BS0114-001 | F87: 부자재 | G87: 소프트렌즈(B) | I87: 0 | J87: 0 | K87: 0 | L87: 0 | M87: 0 | N87: EA | O87: BS0118 | Q87: 2922 | R87: 41000 | S87: 43922
A88: L관창고(자재) | B88: 부자재 | C88: BS0115 | D88: 알루미늄리드지 (무지-백색_PET12/AL30/CPP100_White 리버스인쇄) | E88: BS0115-001 | F88: 부자재 | G88: 소프트렌즈(B) | I88: 1175000 | J88: 1425000 | K88: 1765000 | L88: 835000 | M88: 0 | N88: EA | O88: BS0119 | Q88: 25069 | R88: 48000 | S88: 73069
A89: L관창고(자재) | B89: 부자재 | C89: BS0116 | D89: 알루미늄리드지 (Clalen 1Day Freedom380)_무광 코팅 | E89: BS0116-001 | F89: 부자재 | G89: 소프트렌즈(B) | I89: 2229000 | J89: 0 | K89: 0 | L89: 2229000 | M89: 0 | N89: EA | O89: BS0120 | Q89: 27743 | R89: 96000 | S89: 123743
A90: L관창고(자재) | B90: 부자재 | C90: BS0117 | D90: 알루미늄리드지 (Celena_영문_컬러 원데이)_유광 코팅 | E90: BS0117-002 | F90: 부자재 | G90: 소프트렌즈(B) | I90: 50000 | J90: 0 | K90: 0 | L90: 50000 | M90: 0 | N90: EA | O90: BS0121 | Q90: 56571 | R90: 192000 | S90: 248571
A91: L관창고(자재) | B91: 부자재 | C91: BS0118 | D91: 알루미늄리드지 (렌즈타운 Lighly Rose 1Day Khaki)_유광 코팅 | E91: BS0118-001 | F91: 부자재 | G91: 소프트렌즈(B) | I91: 41000 | J91: 0 | K91: 0 | L91: 41000 | M91: 0 | N91: EA | O91: BS0123 | R91: 0 | S91: 0
A92: L관창고(자재) | B92: 부자재 | C92: BS0119 | D92: 알루미늄리드지 (렌즈타운 Lighly Rose 1Day Berry)_유광 코팅 | E92: BS0119-001 | F92: 부자재 | G92: 소프트렌즈(B) | I92: 48000 | J92: 0 | K92: 0 | L92: 48000 | M92: 0 | N92: EA | O92: BS0124 | R92: 0 | S92: 0
A93: L관창고(자재) | B93: 부자재 | C93: BS0120 | D93: 알루미늄리드지 (렌즈타운 Lighly Rose 1Day Cacao)_유광 코팅 | E93: BS0120-001 | F93: 부자재 | G93: 소프트렌즈(B) | I93: 96000 | J93: 0 | K93: 0 | L93: 96000 | M93: 0 | N93: EA | O93: BS0125 | R93: 0 | S93: 0
A94: L관창고(자재) | B94: 부자재 | C94: BS0121 | D94: 알루미늄리드지 (일본 sincere FAP 1D 38% UV)_유광 코팅 | E94: BS0121-002 | F94: 부자재 | G94: 소프트렌즈(B) | I94: 240000 | J94: 0 | K94: 48000 | L94: 192000 | M94: 0 | N94: EA | O94: BS0126 | Q94: 92503 | R94: 0 | S94: 92503
A95: L관창고(자재) | B95: 부자재 | C95: BS0123 | D95: 알루미늄리드지 (무지-백색_PET12/AL50/CPP50_White 표면인쇄) | E95: BS0123-001 | F95: 부자재 | G95: 소프트렌즈(B) | I95: 0 | J95: 0 | K95: 0 | L95: 0 | M95: 0 | N95: EA | O95: BS0127 | Q95: 22826 | R95: 389000 | S95: 411826
A96: L관창고(자재) | B96: 부자재 | C96: BS0124 | D96: 알루미늄리드지 (무지-실버_PET12/AL30/CPP100_알콘 用) | E96: BS0124-001 | F96: 부자재 | G96: 소프트렌즈(B) | I96: 0 | J96: 0 | K96: 0 | L96: 0 | M96: 0 | N96: EA | O96: BS0128 | R96: 0 | S96: 0
A97: L관창고(자재) | B97: 부자재 | C97: BS0125 | D97: 알루미늄리드지 (일본 sincere MBP 1-Day 리드지)_유광 코팅 | E97: BS0125-001 | F97: 부자재 | G97: 소프트렌즈(B) | I97: 0 | J97: 0 | K97: 0 | L97: 0 | M97: 0 | N97: EA | O97: BS0129 | Q97: 47334 | R97: 0 | S97: 47334
A98: L관창고(자재) | B98: 부자재 | C98: BS0126 | D98: 알루미늄리드지 (일본 From eyes Eyecloset UV)_무광 코팅 | E98: BS0126-002 | F98: 부자재 | G98: 소프트렌즈(B) | I98: 0 | J98: 0 | K98: 0 | L98: 0 | M98: 0 | N98: EA | O98: BS0132 | Q98: 105786 | R98: 432000 | S98: 537786
A99: L관창고(자재) | B99: 부자재 | C99: BS0127 | D99: 알루미늄리드지 (UAE_eyewa_Layala_원데이 리드지)_유광 코팅 | E99: BS0127-002 | F99: 부자재 | G99: 소프트렌즈(B) | I99: 389000 | J99: 0 | K99: 0 | L99: 389000 | M99: 0 | N99: EA | O99: BS0133 | Q99: 91696 | R99: 192000 | S99: 283696
A100: L관창고(자재) | B100: 부자재 | C100: BS0128 | D100: 알루미늄리드지 (중국 4inlook 1-Day 리드지)_유광 코팅 | E100: BS0128-001 | F100: 부자재 | G100: 소프트렌즈(B) | I100: 0 | J100: 0 | K100: 0 | L100: 0 | M100: 0 | N100: EA | O100: BS0134 | Q100: 102200 | R100: 453000 | S100: 555200
...
